index,character,story,average_self_help,average_other_help,num_actions,fool_hero,angel_demon,traditionalist_adventurer,lone-wolf_diva,outcast_sophisticate,brute_geek
172,Tokio,Money Heist,-0.0068965517241379335,-0.1620689655172414,29,0.27549763333333316,0.48834163333333297,0.4650704500000001,-0.08526396666666664,-0.023212100000000055,0.02655104999999997
173,El Profesor,Money Heist,0.2761904761904762,-0.2857142857142857,21,0.6459853166666663,-0.08240969999999982,-0.14129815000000015,-0.032086033333333305,-0.01471096666666666,0.2922639999999999
174,Raquel Murillo,Money Heist,-0.010769230769230765,-0.2,13,0.5320165166666664,0.04151959999999999,-0.031847300000000016,0.030102683333333338,-0.059139133333333344,-0.0051639166666666665
175,Berlin,Money Heist,-0.08717948717948716,-0.317948717948718,39,0.4347316333333333,0.5166543666666668,0.07926261666666679,0.0026637666666666777,0.11939970000000001,0.09821584999999994
176,Rio,Money Heist,-0.13999999999999999,-0.17000000000000004,10,-0.06595938333333333,-0.322631966666667,0.3316185166666668,0.11179596666666658,-0.19736089999999998,0.01802246666666666
177,Denver,Money Heist,-0.24375,-0.30625,16,0.060012916666666714,0.1344777666666668,0.4603471333333335,-0.05189371666666667,-0.16802305000000003,-0.20101685000000016
178,Monica Gaztambide,Money Heist,0.1375,-0.11875000000000001,16,0.03223764999999999,-0.30592746666666665,0.09156528333333326,0.15094463333333336,-0.1843452166666668,0.01917993333333332
179,Arturo Roman,Money Heist,-0.5193939393939394,-0.5757575757575758,33,-0.38612446666666617,0.6258146666666671,-0.07569869999999998,0.27899538333333357,-0.31733305000000017,-0.13931486666666673
180,Helsinki,Money Heist,-0.3,-0.45000000000000007,4,0.13867151666666658,-0.37872055,0.24693301666666678,-0.19040481666666667,-0.07773223333333332,-0.0894825
181,Nairobi,Money Heist,0.29285714285714287,0.12857142857142853,14,0.5069969333333334,-0.0187234,0.4176322166666666,-0.1545259666666666,0.09605361666666667,0.012617333333333348
277,Eleanor Shellstrop,The Good Place,0.24395604395604398,0.2263736263736264,91,0.0758182333333333,0.4024765833333333,0.5461789166666663,-0.08091538333333327,-0.0766966666666666,-0.06696229999999997
278,Chidi Anagonye,The Good Place,-0.095,0.04750000000000001,40,0.39511601666666657,-0.446688533333333,-0.39342666666666654,0.28362158333333326,-0.3381107333333333,0.21695893333333308
279,Tahani Al-Jamil,The Good Place,0.19039999999999999,0.1772,50,0.3817297833333337,0.1021443333333333,0.1414644,0.55524185,0.14620395000000005,-0.054128466666666715
280,Janet,The Good Place,0.14296296296296293,0.1437037037037037,27,0.4945927166666662,-0.44947675000000037,-0.0015641333333333233,0.048699049999999994,0.17018693333333337,0.08847123333333334
281,Jason Mendoza,The Good Place,0.13114754098360654,0.11475409836065574,61,-0.38240831666666647,-0.1076615833333333,0.7163590499999998,-0.08356961666666667,-0.11391985000000006,-0.13459998333333337
282,Michael,The Good Place,0.13870967741935483,0.21322580645161288,62,0.29845031666666677,0.10475801666666663,0.18058996666666668,0.24788599999999997,0.008965666666666648,0.19082045000000022
295,Sayid Jarrah,Lost,-0.1125,-0.08437500000000002,32,0.6333691500000002,-0.00406654999999999,-0.0493687666666666,-0.22257488333333345,-0.05572311666666668,0.029321666666666676
296,Claire Littleton,Lost,-0.37,-0.43000000000000005,10,-0.006099416666666674,-0.2297853666666667,0.2497232833333335,0.08721486666666668,-0.22684056666666666,-0.03453593333333333
297,Jack Shephard,Lost,-0.09333333333333334,0.043333333333333335,60,0.5877365833333331,-0.060641533333333296,-0.10285084999999992,0.10704353333333351,-0.06480091666666661,-0.19475843333333342
298,Hurley Reyes,Lost,0.3258064516129032,0.39677419354838706,31,-0.09951985000000006,-0.5099754333333336,0.34756205000000007,-0.04524648333333333,-0.27824963333333314,0.040638916666666657
299,Shannon Rutherford,Lost,-0.03200000000000001,-0.02400000000000001,25,-0.12612593333333333,0.2958059333333331,0.1452681833333334,0.4336087499999998,-0.020785566666666675,-0.1514990666666666
300,Sawyer Ford,Lost,0.011363636363636366,0.01818181818181817,44,0.19827756666666663,0.5332870166666668,0.4117708166666671,-0.24990465000000017,-0.08578486666666664,-0.14758408333333337
301,Benjamin Linus,Lost,0.04363636363636363,-0.33454545454545453,55,0.2789899166666668,0.5377130833333338,-0.1970296000000001,0.11565063333333335,-0.1468921333333334,0.3274445833333332
302,Jin-Soo Kwon,Lost,4.440892098500626e-18,0.12,25,0.4945657666666667,-0.02920943333333331,-0.3266474833333331,-0.012399950000000005,-0.10593981666666662,-0.12079933333333341
303,Michael Dawson,Lost,-0.284375,-0.25,32,0.11762061666666673,0.10812674999999984,-0.03152670000000001,0.0047828666666666604,-0.3401846166666667,-0.12183703333333333
304,Desmond Hume,Lost,-0.10173913043478262,0.07391304347826085,23,0.41736965000000015,-0.04739763333333338,0.13750116666666656,-0.06476323333333334,-0.1033559166666667,0.08945323333333337
305,Sun-Hwa Kwon,Lost,0.026086956521739143,-0.3565217391304348,23,0.4422967833333337,-0.3880428666666664,-0.15568446666666663,0.04971043333333333,7.588333333333545e-05,0.11026319999999991
306,Kate Austen,Lost,0.10000000000000002,0.039024390243902446,41,0.4154579999999999,0.2613298500000002,0.20624634999999988,-0.15394743333333338,-0.1105317,-0.04684101666666666
307,Charlie Pace,Lost,0.006249999999999992,0.3375,16,-0.1307405666666667,-0.10232393333333321,0.5038393833333334,-0.015851683333333328,-0.2865067666666668,0.07212391666666666
308,John Locke,Lost,0.0034482758620689776,0.11724137931034481,58,0.4912211833333333,0.22281091666666686,0.04668488333333332,-0.20342378333333336,-0.12936889999999981,0.09920881666666674
309,Juliet Burke,Lost,0.19333333333333327,0.24333333333333332,30,0.5218614166666669,0.024705766666666656,-0.15111229999999998,0.10445298333333336,0.0650026833333333,0.06304110000000002
429,Eric Forman,That 70's Show,0.11612903225806452,0.10967741935483871,31,-0.10620346666666676,-0.19499590000000008,-0.08609774999999997,0.28317013333333335,-0.3909468333333334,0.048695649999999924
430,Jackie Burkhart,That 70's Show,0.07894736842105263,-0.21578947368421056,19,0.15273970000000006,0.3215703166666667,0.39353118333333353,0.5285232333333333,0.15989495000000017,-0.1727052333333334
431,Michael Kelso,That 70's Show,0.08037735849056603,-0.12716981132075472,53,-0.40474046666666635,0.1103063000000001,0.674974099999999,0.17825066666666667,-0.012299733333333314,-0.25848865000000004
432,Steven Hyde,That 70's Show,0.0225,-0.055000000000000014,40,0.16479181666666687,0.4062544000000004,0.22598583333333336,-0.44761023333333333,-0.08296881666666665,0.05975106666666668
433,Donna Pinciotti,That 70's Show,-0.01851851851851851,-0.27037037037037037,27,0.5084565500000001,-0.1209847333333333,0.22466321666666664,-0.11687733333333324,0.046405200000000035,-0.04318385
434,Fez,That 70's Show,0.09800000000000002,-0.10000000000000002,30,-0.1695325500000001,-0.16355996666666678,0.5614821666666677,0.25911418333333314,-0.17940973333333343,0.033189899999999974
435,Kitty Forman,That 70's Show,0.050731707317073174,0.09658536585365855,41,0.25459215,-0.39303386666666656,0.22914748333333343,0.28497635000000004,-0.08343799999999994,-0.15152390000000007
436,Red Forman,That 70's Show,0.2245614035087719,0.11929824561403507,57,0.47991604999999987,0.4157585333333331,-0.5007119833333328,-0.14726773333333323,-0.1936058833333332,-0.38001159999999984
437,Midge Pinciotti,That 70's Show,0.05714285714285715,-0.24285714285714288,14,-0.2738594000000001,-0.07342108333333337,0.5298328666666664,0.2578007166666663,0.04293311666666668,-0.1029630333333334
438,Bob Pinciotti,That 70's Show,-0.008000000000000012,-0.14400000000000002,25,-0.36082688333333307,0.03816696666666666,0.3572331833333336,0.16859296666666668,-0.20301090000000022,-0.22789850000000011
442,SpongeBob SquarePants,SpongeBob SquarePants,-0.1831884057971015,-0.19507246376811593,69,-0.08668803333333323,-0.3891563500000001,0.66228565,0.23896726666666657,-0.09569795000000002,-0.02770975000000002
443,Patrick Star,SpongeBob SquarePants,-0.047058823529411764,-0.37941176470588234,68,-0.4478552833333332,-0.19183311666666672,0.6025922166666661,-0.0600021833333333,-0.20641549999999997,-0.13966591666666667
444,Squidward Tentacles,SpongeBob SquarePants,0.028735632183908042,-0.15057471264367814,87,0.19243401666666657,0.2749628166666664,-0.5766066833333335,0.05212846666666668,-0.18971439999999998,0.09290008333333337
445,Mr. Krabs,SpongeBob SquarePants,-0.041176470588235294,-0.27254901960784317,102,0.17286885000000007,0.5210294999999998,-0.050516049999999986,0.23855036666666687,-0.03428714999999996,-0.21767273333333326
446,Sandy Cheeks,SpongeBob SquarePants,0.11333333333333333,-0.24666666666666667,30,0.5210553000000001,-0.16484625,0.27650063333333336,-0.017087133333333348,0.1078468833333332,-0.016652750000000008
447,Rebecca Bunch,Crazy Ex-Girlfriend,-0.04600000000000002,-0.14800000000000002,50,0.055792249999999995,0.3360028333333333,0.47574611666666683,0.3646148,-0.2441121666666668,0.1829312000000001
448,Paula Proctor,Crazy Ex-Girlfriend,0.14444444444444443,-0.02222222222222223,27,0.36753283333333303,-0.03839711666666665,0.23967593333333345,0.14236713333333328,-0.12978366666666682,-0.03851358333333336
449,Josh Chan,Crazy Ex-Girlfriend,0.08064516129032258,-0.24838709677419354,31,-0.2899306333333337,-0.25225928333333353,0.3891497499999998,0.16190203333333344,-0.00043223333333334527,-0.36850553333333375
450,Darryl Whitefeather,Crazy Ex-Girlfriend,0.12682926829268293,0.07560975609756096,41,-0.13287583333333342,-0.45490789999999987,0.37332740000000014,0.3197203333333335,-0.2068306,-0.06591228333333331
451,Heather Davis,Crazy Ex-Girlfriend,0.248,0.44,25,0.23390860000000002,0.23266853333333318,0.24464831666666634,-0.37429475000000023,-0.019559383333333364,0.2094593166666665
452,Valencia Perez,Crazy Ex-Girlfriend,0.1979591836734694,0.12448979591836735,49,0.4278632999999996,0.35272218333333333,0.1400968333333333,0.2876267333333335,0.22954826666666692,-0.11655778333333335
590,Leslie Knope,Parks and Recreation,0.09814814814814812,-0.005555555555555564,54,0.5400535666666672,-0.3262732,0.4080510333333333,0.3342608166666665,0.004109133333333331,-0.06724508333333344
591,Ann Perkins,Parks and Recreation,0.1888888888888889,0.3370370370370371,27,0.2930378833333333,-0.4594054666666658,0.016309899999999992,0.19131376666666677,-0.05010843333333332,-0.0989218666666667
592,Mark Brendanawicz,Parks and Recreation,0.18666666666666662,0.01999999999999997,15,0.06023963333333338,-0.05825666666666662,-0.36684323333333335,0.01868035,-0.09418675000000004,-0.20824546666666666
593,Tom Haverford,Parks and Recreation,0.024242424242424246,-0.030303030303030318,33,-0.15153428333333338,0.2502998499999997,0.6187801166666663,0.46560345000000014,0.05420098333333331,0.053856616666666655
594,Ron Swanson,Parks and Recreation,0.3923076923076923,0.19743589743589746,39,0.6015472666666658,0.19798801666666666,-0.32183983333333316,-0.43324965000000004,-0.0722073333333333,-0.27753703333333296
595,April Ludgate,Parks and Recreation,0.44764705882352945,0.25764705882352945,34,0.14723646666666654,0.5078868166666665,0.19346666666666654,-0.34697621666666617,-0.15008398333333337,0.25632831666666683
596,Jerry Gergich,Parks and Recreation,0.1818181818181818,0.29999999999999993,22,-0.23453214999999983,-0.7066880000000001,-0.10326135000000002,0.13208576666666666,-0.28319146666666667,-0.16203321666666662
597,Donna Meagle,Parks and Recreation,0.5085714285714286,0.2914285714285714,35,0.3451670833333335,0.2211698666666668,0.5378341333333333,0.09767084999999996,0.35172866666666674,-0.030286050000000023
598,Ben Wyatt,Parks and Recreation,0.2864516129032258,0.37225806451612903,31,0.39929375000000017,-0.38487075,-0.2578558999999998,0.20591618333333328,-0.1849283833333333,0.13139501666666664
599,Chris Traeger,Parks and Recreation,0.22464285714285717,0.13464285714285715,56,0.39971886666666673,-0.40444753333333355,0.24190128333333324,0.40668695000000005,0.08447984999999991,-0.11999693333333332
614,Jadzia Dax,Star Trek Deep Space Nine,0.40480000000000005,0.18720000000000003,25,0.5877558833333331,-0.19161108333333335,0.37829346666666686,-0.06727115000000003,0.2612028000000002,0.060807299999999946
615,Odo,Star Trek Deep Space Nine,0.1282608695652174,0.13043478260869565,46,0.6091450500000003,-0.03246418333333345,-0.46070788333333357,-0.06906099999999998,-0.1864365166666668,0.08619348333333327
616,Lieutenant Commander Worf,Star Trek Deep Space Nine,0.08888888888888889,0.37777777777777777,27,0.6185887333333332,0.10597646666666677,-0.25455655000000027,-0.17359556666666687,-0.19512125000000005,-0.3120137666666668
617,Nog,Star Trek Deep Space Nine,0.48242424242424237,0.43939393939393934,33,0.18430388333333333,-0.0682061333333333,0.13511276666666663,0.08485630000000009,-0.17404693333333324,0.0013217000000000055
618,Quark,Star Trek Deep Space Nine,0.019480519480519477,0.13766233766233762,77,0.20440616666666686,0.5234598333333329,0.2043381,0.2536062333333334,0.00041265000000000155,-0.004698666666666669
619,Benjamin Sisko,Star Trek Deep Space Nine,0.25625000000000003,0.22083333333333333,48,0.7324749833333328,-0.23116795000000015,0.09896843333333337,-0.09771783333333335,0.1438813666666667,-0.09962801666666667
620,Elim Garak,Star Trek Deep Space Nine,0.08363636363636365,0.009090909090909082,55,0.44594344999999985,0.29503279999999993,0.091024,0.050570399999999995,0.0511504833333333,0.25578441666666657
621,Kira Nerys,Star Trek Deep Space Nine,0.2785964912280702,0.06947368421052633,57,0.6591168500000001,0.09200883333333337,0.11745025000000003,-0.10449095000000004,-0.06538424999999998,-0.14096258333333342
622,Julian Bashir,Star Trek Deep Space Nine,0.16874999999999998,0.23958333333333334,48,0.4007357333333337,-0.1876734166666667,0.1921775333333334,0.2813978666666666,0.014980766666666678,0.13614588333333344
623,Dukat,Star Trek Deep Space Nine,0.08461538461538462,-0.6053846153846154,52,0.461958483333333,0.620990116666666,-0.17240853333333342,0.12639656666666657,0.06204529999999991,-0.0515460833333333
624,Rom,Star Trek Deep Space Nine,0.18400000000000002,0.152,25,-0.15828583333333332,-0.2718991999999999,0.11619644999999999,0.06848730000000003,-0.32612858333333344,0.03272238333333334
625,Miles O'Brien,Star Trek Deep Space Nine,0.022222222222222227,0.1814814814814815,27,0.37023081666666696,-0.2935326499999998,-0.025354916666666658,-0.09278259999999999,-0.18009998333333332,-0.24166231666666682
626,Jake Sisko,Star Trek Deep Space Nine,0.18095238095238092,0.16666666666666669,21,0.14599475000000015,-0.3254888666666663,0.3031680833333335,0.12698366666666674,-0.06615710000000007,0.024892566666666668
627,Winn Adami,Star Trek Deep Space Nine,-0.20789473684210524,-0.3105263157894738,38,0.2948082666666667,0.4382350833333337,-0.32079651666666625,0.3285569333333334,-0.012249133333333344,-0.029165183333333327
628,Kasidy Yates,Star Trek Deep Space Nine,0.2342857142857143,0.05142857142857144,7,0.41722365,-0.29477763333333346,0.23223298333333328,-0.027062850000000024,0.09797086666666666,-0.04550016666666668
718,Jeff Winger,Community,0.0672463768115942,0.04927536231884058,69,0.2564468166666667,0.5450486666666666,0.10824748333333328,0.1284659166666667,0.12167146666666663,-0.1290668666666667
719,Britta Perry,Community,-0.13414634146341464,-0.15121951219512195,41,0.044886016666666674,0.3330816666666668,0.30864623333333324,0.07120006666666667,-0.2783567833333333,0.03741835
720,Abed Nadir,Community,0.2782608695652174,0.12608695652173915,46,0.3825647833333334,-0.16802231666666653,0.09745235000000015,0.007090150000000003,-0.0815754833333333,0.3932012166666668
721,Troy Barnes,Community,0.013333333333333324,0.06333333333333332,30,-0.08711406666666667,-0.27042186666666673,0.6814765166666664,0.07370966666666674,-0.02243196666666664,-0.12237339999999992
722,Annie Edison,Community,0.14,0.0022222222222222205,45,0.37358033333333274,-0.29031771666666667,-0.05144943333333327,0.5122244333333329,-0.1556673166666666,0.02085298333333332
723,Shirley Bennett,Community,0.14897959183673468,-0.06122448979591839,49,0.27098301666666663,-0.32324166666666665,0.08746399999999999,0.35220218333333353,-0.05435106666666673,-0.24259416666666658
724,Pierce Hawthorne,Community,-0.07872340425531914,-0.08936170212765959,47,-0.2701940499999999,0.6941964499999992,0.09513961666666661,0.24515144999999994,-0.20710183333333324,-0.17500610000000003
725,Craig Pelton,Community,-0.05925925925925926,-0.25925925925925924,27,-0.1913607666666665,0.004458416666666649,0.4954102333333332,0.4072526833333336,-0.17222846666666658,0.1709354666666666
726,Ben Chang,Community,0.01956521739130435,-0.4043478260869566,46,-0.2345505499999999,0.6741636499999993,0.4485745166666662,0.1105256833333333,-0.22473471666666667,0.09331596666666664
727,Ian Duncan,Community,0.08333333333333333,-0.2083333333333333,24,-0.27453518333333343,0.3312682500000002,0.07931690000000008,0.17269679999999998,-0.3271366999999999,0.13322341666666676
781,Homer Simpson,The Simpsons,-0.016883116883116892,-0.13116883116883116,77,-0.44781213333333264,0.19282299999999997,0.46252715000000005,0.014520850000000023,-0.24794681666666643,-0.27796676666666664
782,Bart Simpson,The Simpsons,0.12769230769230772,0.013846153846153859,65,-0.11671293333333338,0.5071721999999996,0.6176076333333332,-0.13917763333333333,-0.03435061666666666,-0.15208039999999987
783,Marge Simpson,The Simpsons,-0.16323529411764703,-0.3044117647058823,68,0.3756527166666668,-0.5106039333333339,0.033599616666666644,0.19619910000000007,-0.021230366666666643,-0.1403698000000001
784,Lisa Simpson,The Simpsons,-0.15185185185185188,-0.3111111111111111,27,0.6908005833333338,-0.31142430000000026,-0.03587113333333325,0.1933440833333335,-0.011831950000000008,0.22677846666666668
785,Apu Nahasapeemapetilon,The Simpsons,0.07619047619047618,0.10476190476190475,21,0.0929969833333333,-0.26041935,0.016921783333333305,0.09995925000000004,-0.07441571666666666,-0.09930600000000002
786,Mr. Burns,The Simpsons,0.2887755102040816,-0.336734693877551,98,0.23132741666666676,0.78603675,-0.3608358166666665,0.2103206666666669,-0.08714511666666667,0.09982018333333341
787,Ned Flanders,The Simpsons,-0.20512820512820512,-0.18717948717948718,39,0.17850958333333333,-0.6333035333333333,-0.13823301666666674,0.3523634166666665,-0.09576393333333331,-0.16306593333333355
788,Milhouse Van Houten,The Simpsons,-0.35000000000000003,-0.32272727272727275,22,-0.22315585000000013,-0.40620143333333275,-0.2290304333333332,0.27510963333333316,-0.45322003333333344,0.10017753333333312
789,Moe Szyslak,The Simpsons,0.12340425531914893,-0.10638297872340424,47,-0.17049291666666674,0.3884711499999998,-0.06958848333333333,-0.12062261666666645,-0.39149325000000007,-0.03727121666666665
790,Nelson Muntz,The Simpsons,0.18200000000000002,0.036,50,-0.2388281666666668,0.657477783333333,0.15382828333333343,-0.23035698333333324,-0.3363684166666667,-0.27188778333333335
791,Krusty the Clown,The Simpsons,0.08666666666666666,-0.16133333333333336,45,-0.28075010000000006,0.6514026666666665,0.325142516666667,0.034287516666666684,-0.1851334166666667,-0.015499716666666675
792,Edna Krabappel,The Simpsons,0.10967741935483873,0.0967741935483871,31,0.02353776666666665,0.2771914166666664,-0.10855811666666666,0.07711996666666666,-0.18249716666666663,-0.0684141833333333
793,Waylon Smithers,The Simpsons,0.06170212765957446,0.16808510638297874,47,0.15177671666666667,-0.3730576666666665,-0.34600883333333293,0.32827371666666666,-0.23562823333333327,0.16015509999999988
794,Barney Gumble,The Simpsons,-0.09837837837837837,-0.11621621621621618,37,-0.5542329666666657,0.12025991666666669,0.18203870000000003,-0.20475138333333318,-0.3816364500000002,-0.18455260000000004
795,Principal Skinner,The Simpsons,-0.07428571428571427,-0.35714285714285715,35,0.020226499999999984,0.06491723333333328,-0.39417403333333345,0.3199056666666668,-0.26311848333333326,-0.14770815
819,Frank Gallagher,Shameless,-0.246875,-0.22812500000000005,32,-0.3502632500000002,0.7035845500000004,0.35160013333333356,-0.14543855000000014,-0.24721578333333327,-0.04183523333333336
820,Carl Gallagher,Shameless,0.16874999999999998,-0.196875,32,0.10970948333333343,0.3515547333333331,0.41321876666666646,-0.24020030000000003,-0.08797856666666665,-0.1451754166666667
821,Lip Gallagher,Shameless,-0.13653846153846155,-0.15576923076923072,52,0.2800294833333334,0.23981490000000025,0.19054811666666674,-0.26844024999999994,-0.22037425,0.05791928333333333
822,Veronica Fisher,Shameless,0.1857142857142857,0.15,14,0.46759853333333307,0.02923684999999994,0.487184733333333,-0.014863083333333305,0.1717612333333334,-0.08119603333333321
823,Kevin Ball,Shameless,0.18083333333333332,0.17333333333333334,24,-0.01698846666666668,-0.17957664999999975,0.5299906666666666,-0.09605786666666664,-0.10657216666666675,-0.2119104333333333
824,Debbie Gallagher,Shameless,-0.16111111111111115,-0.27222222222222225,36,-0.07205595000000002,0.37633810000000006,0.37595809999999985,0.09778958333333333,-0.21884003333333338,-0.03438455000000001
825,Ian Gallagher,Shameless,-0.09999999999999999,-0.23928571428571427,28,0.2559210666666665,0.07159049999999993,0.3097805666666665,-0.05724665,-0.1930463166666668,0.0834339
826,Fiona Gallagher,Shameless,-0.22307692307692306,-0.1871794871794872,39,0.39598813333333355,0.21629908333333345,0.3253509666666665,-0.15800795000000006,-0.1353717666666666,-0.08139273333333344
850,Jay Pritchett,Modern Family,0.49090909090909085,0.23535353535353537,22,0.33543953333333354,0.21524343333333326,-0.25809526666666655,-0.048841283333333374,-0.03962780000000001,-0.2887876333333331
851,Gloria Delgado-Pritchett,Modern Family,0.19481481481481483,-0.2592592592592593,30,0.34707573333333386,0.14120859999999996,0.5703013666666663,0.19029708333333342,0.21449096666666653,-0.16097863333333345
852,Claire Dunphy,Modern Family,0.06730158730158732,0.05841269841269841,35,0.4982856333333332,0.19469961666666655,-0.10632633333333329,0.18090070000000014,-0.06082508333333337,-0.12753139999999996
853,Phil Dunphy,Modern Family,0.18209876543209877,0.14506172839506173,36,-0.09289766666666666,-0.40594136666666697,0.5754716333333334,0.1600535333333333,-0.09348248333333342,-0.027258116666666662
854,Mitchell Pritchett,Modern Family,0.12323232323232323,0.3414141414141414,11,0.3066015333333331,-0.16937601666666668,-0.13384793333333309,0.343891916666667,-0.07715115000000002,0.07966173333333325
855,Cameron Tucker,Modern Family,0.17592592592592596,0.08796296296296297,24,0.030558116666666666,-0.10896031666666661,0.554214066666667,0.3530670500000001,-0.026581699999999996,-0.0333249166666667
856,Luke Dunphy,Modern Family,-0.41269841269841273,0.14285714285714285,7,-0.2930952333333332,-0.05273843333333331,0.4894138833333334,-0.03277143333333333,-0.10240585000000017,-0.13035898333333332
857,Manny Delgado,Modern Family,-0.07407407407407407,-0.005291005291005293,21,0.23836724999999984,-0.4045397000000001,0.1133857166666667,0.37042221666666664,-0.06317263333333331,0.13290849999999996
858,Haley Dunphy,Modern Family,0.1792114695340502,0.010752688172043005,31,-0.09472164999999999,0.20510073333333315,0.5565217166666664,0.2480017666666664,0.1326440666666667,-0.17395408333333326
859,Alex Dunphy,Modern Family,0.11877394636015329,-0.05363984674329502,29,0.5911499833333334,-0.006840866666666625,-0.35523426666666663,0.1334935500000001,-0.1334263833333333,0.17034355
866,Don Draper,Mad Men,0.14603174603174604,-0.073015873015873,63,0.43228370000000055,0.5583891999999997,0.09732955000000004,0.027967933333333347,0.12084476666666673,0.03517546666666666
867,Peggy Olson,Mad Men,0.26666666666666666,0.15666666666666665,30,0.5725879500000001,-0.002755883333333339,0.015272166666666663,-0.0190862166666667,-0.11231038333333339,0.14694331666666663
868,Pete Campbell,Mad Men,0.06685714285714286,-0.018285714285714294,35,-0.021123400000000004,0.5254745333333333,-0.18993305000000002,0.46924078333333363,-0.18565731666666677,-0.05177943333333331
869,Betty Draper,Mad Men,-0.11794871794871795,-0.25897435897435894,39,0.1019324333333333,0.1897915833333332,-0.21075341666666672,0.40306268333333345,-0.06217681666666664,-0.09377885000000008
870,Joan Holloway,Mad Men,0.2631578947368421,0.19999999999999998,38,0.6397189333333331,0.13615506666666669,0.2172706499999998,0.07616056666666662,0.2601576833333334,-0.03642615000000001
871,Salvatore Romano,Mad Men,-0.10833333333333332,-0.30833333333333335,12,0.19066405,-0.07815379999999997,0.2136512333333335,0.22703199999999987,0.03502310000000005,0.18761945000000002
872,Paul Kinsey,Mad Men,-0.3,-0.09473684210526319,19,-0.09712733333333334,0.09716266666666658,0.1288608166666668,0.1675046166666667,-0.13987848333333328,0.14666586666666664
873,Ken Cosgrove,Mad Men,0.23225806451612904,-0.022580645161290325,31,0.07810346666666661,-0.21780101666666682,-0.01973601666666663,0.21466878333333353,-0.022039966666666674,-0.070904
874,Harry Crane,Mad Men,0.01857142857142857,-0.14285714285714285,28,-0.06846983333333329,-0.029957666666666643,-0.14585635,0.3066084833333333,-0.1938018833333335,0.031041999999999986
875,Rachel Menken,Mad Men,-0.23750000000000002,-0.22500000000000003,8,0.4920983333333338,0.12725338333333333,-0.04384768333333333,0.0903454666666667,0.11690359999999987,0.05386060000000004
876,Roger Sterling,Mad Men,0.04043478260869564,-0.12608695652173912,46,0.17019871666666664,0.43836395000000045,0.27080550000000014,0.20214794999999985,0.1758577166666665,-0.14969588333333325
877,Bert Cooper,Mad Men,0.2296296296296296,0.1111111111111111,27,0.29199381666666674,0.0010977000000000027,0.004202050000000003,0.12105470000000002,0.15299149999999995,0.010342949999999991
878,Henry Francis,Mad Men,0.32571428571428573,0.23,14,0.3542001166666664,-0.008787716666666697,-0.3920875333333338,0.19413351666666645,0.054006783333333336,-0.2330553
879,Lane Pryce,Mad Men,0.027272727272727275,-0.07272727272727272,33,0.21573601666666697,-0.050818966666666694,-0.33045539999999973,0.2401714499999997,-0.20893974999999995,0.10257820000000001
880,Stan Rizzo,Mad Men,0.2619047619047619,0.2523809523809524,21,-0.054880516666666636,-0.004372566666666663,0.4520746333333327,-0.1253787333333334,-0.11709669999999996,0.08291690000000003
890,Kurt Hummel,Glee,0.32388059701492544,0.22388059701492538,67,0.3176423999999999,-0.03603108333333335,0.31901175000000004,0.4382278166666664,0.009404133333333347,0.18783338333333335
891,Sue Sylvester,Glee,0.0581818181818182,-0.08181818181818182,55,0.4185197666666667,0.7581041666666657,0.014314416666666654,0.020669416666666655,-0.028987300000000004,-0.0677081833333333
892,Rachel Berry,Glee,-0.03653846153846155,-0.1519230769230769,52,0.3188550166666668,0.33138646666666677,0.026639666666666662,0.5976730999999998,-0.03958654999999997,-0.030194516666666667
893,Will Schuester,Glee,0.1288888888888889,-0.16944444444444443,36,0.022010050000000017,0.00274188333333333,0.1705015833333333,0.2888956000000002,-0.16937421666666666,-0.07702028333333337
894,Artie Abrams,Glee,0.3177777777777777,0.29851851851851846,27,0.1634500833333333,-0.20014644999999984,-0.07797280000000009,0.1734852,-0.15851424999999994,0.12310316666666667
895,Santana Lopez,Glee,0.09772727272727272,-0.2568181818181818,44,0.4504321166666665,0.5116583833333334,0.3517214500000001,0.03763995000000001,0.1798703166666666,-0.03702118333333337
896,Tina Cohen-Chang,Glee,0.19499999999999998,0.049999999999999996,24,0.05263818333333333,-0.14440851666666668,0.03495096666666669,0.19819293333333332,-0.1637310166666667,0.15368995
897,Mercedes Jones,Glee,-0.0234782608695652,0.039130434782608685,23,0.4848877666666667,-0.09844271666666693,0.45684978333333337,0.10281744999999994,0.2068829166666666,-0.05279071666666673
898,Noah Puckerman,Glee,0.18484848484848487,-0.17272727272727273,33,-0.16001856666666672,0.5685109333333331,0.3045820333333332,-0.21183250000000012,-0.13809428333333326,-0.27101861666666666
899,Brittany Pierce,Glee,-0.03499999999999998,0.025000000000000005,60,-0.21956646666666677,-0.24376811666666665,0.6188557166666664,0.1355486333333333,0.06889238333333332,-0.02765661666666667
900,Sam Evans,Glee,0.148,0.22,25,-0.09074241666666662,-0.4153196666666657,0.3407789500000001,0.03719016666666665,-0.0597053666666666,-0.19980274999999995
901,Blaine Anderson,Glee,0.1896551724137931,0.1620689655172414,29,0.32404289999999997,-0.2620819833333334,0.2934526166666667,0.35862721666666647,0.17408496666666662,0.012652099999999987
902,Mike Chang,Glee,0.2235294117647059,0.15294117647058822,17,0.15438035000000014,-0.4495412166666664,0.05102023333333333,0.03628656666666668,-0.008081550000000002,0.008097183333333346
903,Finn Hudson,Glee,-0.17941176470588238,-0.32941176470588235,34,-0.13374111666666674,-0.24306323333333343,0.15374770000000007,0.06947008333333328,-0.18513381666666684,-0.32168856666666673
904,Emma Pillsbury,Glee,0.1833333333333333,0.15000000000000002,18,0.2207255500000003,-0.512075066666667,-0.2824468166666665,0.4186956833333333,-0.3295126499999999,0.15912366666666677
982,Logan Roy,Succession,0.14999999999999997,-0.6094594594594595,74,0.5354167833333332,0.7652935333333333,-0.2567928000000001,0.017174616666666653,0.06311835000000006,-0.0625326666666667
983,Roman Roy,Succession,0.12393162393162394,-0.13692307692307695,117,-0.21548458333333342,0.6010811000000003,0.4391338333333334,0.21625798333333332,-0.05478286666666668,0.12183958333333329
984,Shiv Roy,Succession,-6.1679056923619804e-18,-0.22037037037037038,54,0.5182152333333335,0.4701255166666664,-0.03737826666666668,0.21466248333333324,0.15647633333333352,0.05506196666666665
985,Kendall Roy,Succession,-0.3384615384615385,-0.1935897435897436,78,0.05239054999999998,0.3635291333333335,-0.04329771666666666,0.29838728333333336,-0.2263650666666669,0.12714943333333328
986,Marcia Roy,Succession,0.22173913043478263,-0.37826086956521743,23,0.5010680833333331,0.19757619999999984,-0.20223796666666646,0.08805056666666666,0.17487131666666664,0.034931200000000016
987,Greg Hirsch,Succession,0.3254545454545455,-0.29999999999999993,55,-0.2898912833333335,-0.3160852166666668,0.11209233333333342,0.17270021666666668,-0.35634645,0.04673961666666668
988,Frank Vernon,Succession,0.07600000000000001,-0.21599999999999997,25,0.20763296666666695,-0.13780781666666672,-0.43364893333333315,0.08447138333333337,-0.12502063333333335,-0.07366876666666664
989,Tom Wambsgans,Succession,0.152,-0.38400000000000006,50,-0.20090983333333343,0.07425838333333334,-0.029947916666666616,0.4719800333333332,-0.22438346666666686,-0.06265105000000003
990,Connor Roy,Succession,0.018181818181818177,-0.25,44,-0.3673343166666663,0.09538793333333334,0.11229093333333323,0.3516701666666672,-0.23912840000000002,-0.023489566666666656
991,Lawrence Yee,Succession,-0.07333333333333332,-0.31333333333333335,15,0.31745336666666657,0.22198533333333337,-0.26448568333333317,0.1396747499999999,0.010746733333333326,0.05621326666666673
1198,Rachel Green,Friends,0.13888888888888892,-0.2476851851851852,48,0.06306368333333333,0.037740116666666663,0.4074448000000006,0.39040131666666694,0.09807606666666664,-0.17347183333333338
1199,Monica Geller,Friends,0.26931216931216934,0.11746031746031749,42,0.5566173333333332,-0.06130329999999997,-0.06852799999999996,0.34434546666666627,-0.02950343333333331,-0.09781756666666662
1200,Phoebe Buffay,Friends,0.017283950617283952,-0.07061728395061728,45,0.01283433333333333,-0.15516738333333333,0.7750439500000003,-0.06579901666666661,-0.03945023333333334,0.13407409999999995
1201,Joey Tribbiani,Friends,0.22368421052631574,0.1505847953216374,76,-0.21984191666666678,-0.06927166666666662,0.705587466666666,0.024355283333333335,0.018288833333333327,-0.30463026666666665
1202,Chandler Bing,Friends,0.004273504273504274,-0.07051282051282051,52,0.01262810000000003,-0.07532784999999996,0.15718189999999993,0.12903644999999994,-0.24649043333333345,0.02169359999999999
1203,Ross Geller,Friends,-0.2309941520467836,-0.195906432748538,38,0.13764291666666673,0.013743716666666668,-0.3194524999999999,0.4106730333333333,-0.3286031000000002,0.012484266666666672
1245,Tony Soprano,The Sopranos,0.0025316455696202584,-0.45443037974683553,79,0.35281440000000003,0.5513251333333334,0.07508828333333337,-0.05109278333333337,-0.1161762,-0.18200055000000004
1246,Dr. Jennifer Melfi,The Sopranos,0.3685714285714285,0.33,28,0.5712249499999998,-0.3015148,-0.1895171833333333,0.14672641666666683,0.010570016666666638,0.08035844999999996
1247,Carmela Soprano,The Sopranos,0.11785714285714288,-0.23750000000000002,56,0.34606516666666653,-0.015181983333333324,-0.06252446666666665,0.2926179666666667,-0.03954314999999998,-0.19358845000000005
1248,Christopher Moltisanti,The Sopranos,-0.16842105263157897,-0.2824561403508772,57,-0.06938111666666662,0.47456869999999984,0.27899405000000005,0.06809983333333339,-0.2300241666666665,-0.13941154999999994
1249,Junior Soprano,The Sopranos,0.04285714285714287,-0.21428571428571427,77,0.20493031666666675,0.4823349999999999,-0.17387690000000014,0.11948024999999997,-0.1335970166666667,-0.10929623333333321
1250,Silvio Dante,The Sopranos,0.18746268656716422,-0.15850746268656718,67,0.2502760000000002,0.13127251666666673,-0.12422526666666667,0.0113389,-0.04515758333333333,-0.19424988333333307
1251,Paulie 'Walnuts' Gualtieri,The Sopranos,0.1671875,-0.2328125,64,0.02419821666666667,0.42315666666666657,0.22605716666666661,0.0708696,-0.1735258333333333,-0.2930455666666669
1252,A.J. Soprano,The Sopranos,-0.08600000000000003,-0.027999999999999997,50,-0.3892553333333335,0.2061845833333333,0.1078733166666666,0.058398049999999986,-0.3378910166666668,-0.01116575
1253,Meadow Soprano,The Sopranos,0.022222222222222227,-0.3088888888888889,45,0.3184884000000001,-0.10210283333333338,0.19627635000000002,0.31152215000000005,0.10688786666666672,-0.003182966666666664
1254,Janice Soprano,The Sopranos,0.24761904761904763,-0.2833333333333333,42,-0.25347834999999996,0.5891018333333333,0.3457311333333332,0.15117119999999998,-0.23417644999999987,-0.026691050000000025
1284,Selina Meyer,Veep,-0.01627906976744186,-0.3651162790697675,43,0.23138373333333317,0.6974245999999993,0.10937778333333335,0.3624415666666665,0.01413310000000001,-0.06664653333333335
1285,Amy Brookheimer,Veep,0.05263157894736842,-0.3210526315789474,19,0.5221315833333334,0.33310141666666643,-0.27666786666666676,0.2454547333333333,-0.12571153333333343,0.011629883333333334
1286,Gary Walsh,Veep,-0.18266666666666664,-0.005333333333333324,30,-0.10762595000000001,-0.46111338333333296,-0.13574849999999983,0.3617970833333331,-0.44035515,0.04848581666666666
1287,Dan Egan,Veep,0.0030303030303030294,-0.41212121212121217,33,0.26907965,0.688043566666667,-0.047954699999999954,0.3116584500000002,0.07908528333333341,-0.06255005000000002
1288,Jonah Ryan,Veep,0.10869565217391304,-0.36086956521739133,46,-0.34809748333333324,0.6290128333333332,0.08915495000000011,0.2771930500000001,-0.3750644166666666,-0.07957153333333332
1289,Mike McLintock,Veep,-0.12499999999999999,-0.2375,16,-0.38490379999999985,-0.09512720000000008,-0.12027498333333332,0.10129836666666665,-0.44209488333333313,-0.11751506666666682
1350,Richard Hendricks,Silicon Valley,-0.09615384615384616,-0.3538461538461538,26,0.15057270000000006,-0.03915801666666658,-0.18480165000000012,0.20563093333333313,-0.4500473999999995,0.3270992333333335
1351,Erlich Bachman,Silicon Valley,-0.16999999999999998,0.029999999999999992,20,-0.2682671333333333,0.6179128833333339,0.5313237500000002,0.0339620166666667,-0.08624584999999997,-0.03400385000000004
1352,Nelson Bighetti,Silicon Valley,-0.08333333333333333,0.2833333333333334,12,-0.5216123833333332,-0.42292196666666665,0.14901306666666667,-0.002948216666666659,-0.1927401833333332,-0.004081149999999966
1353,Bertram Gilfoyle,Silicon Valley,0.34516129032258064,0.13548387096774195,31,0.3960801499999999,0.5457474999999999,-0.11606288333333327,-0.3872524166666669,-0.07622115,0.25693936666666634
1354,Dinesh Chugtai,Silicon Valley,0.02631578947368421,0.08421052631578946,19,-0.004189516666666669,0.08688328333333335,-0.06724051666666665,0.3043181499999999,-0.2848481666666666,0.08319574999999994
1355,Peter Gregory,Silicon Valley,0.18333333333333335,0.2333333333333333,6,0.3217067166666669,0.07907321666666668,-0.19330671666666666,0.0927582666666667,-0.014432166666666671,0.2953541166666669
1356,Monica Hall,Silicon Valley,0.00909090909090912,0.18181818181818177,11,0.5852604166666673,-0.13037754999999998,-0.0338930333333333,0.16759314999999997,0.15204093333333338,-0.07029389999999996
1357,Jared Dunn,Silicon Valley,-0.11428571428571428,-0.20476190476190476,21,0.27088176666666647,-0.5371456166666669,-0.26412515,0.21284114999999992,-0.26627810000000024,0.1902669
1358,Gavin Belson,Silicon Valley,-0.4048780487804878,-0.4878048780487805,41,0.20860006666666644,0.7666358833333331,0.017224083333333275,0.3944375833333334,0.025967533333333282,0.01741946666666667
1359,Jian-Yang,Silicon Valley,0.3826086956521739,-0.5782608695652174,23,-0.007005383333333338,0.6004136499999996,0.04961961666666667,-0.17340183333333314,-0.04560421666666664,0.14281124999999986
1549,Fry,Futurama,0.21288135593220336,0.21864406779661016,59,-0.3737783333333336,-0.07117736666666666,0.521236083333333,0.03761096666666669,-0.35838054999999996,-0.16828014999999988
1550,Leela,Futurama,-0.0051282051282051395,0.012820512820512827,39,0.5834770166666673,0.07203048333333327,0.08815909999999999,-0.08637245000000003,-0.07843306666666665,-0.004762750000000011
1551,Bender,Futurama,0.2381818181818182,-0.3626262626262627,99,-0.10850521666666664,0.7137721500000002,0.5183245666666668,-0.08911376666666669,0.012115849999999996,-0.07614356666666675
1552,Prof. Farnsworth,Futurama,0.12499999999999997,-0.22763157894736843,76,0.14448538333333327,0.29415111666666666,0.10024298333333341,0.03294050000000002,-0.06819763333333333,0.21262988333333321
1553,Amy Wong,Futurama,0.25483870967741934,0.02258064516129032,31,-0.04099803333333336,-0.056406933333333305,0.47095758333333343,0.27911995000000006,0.07806529999999998,-0.04127954999999999
1554,Hermes Conrad,Futurama,0.23157894736842108,-0.08947368421052629,19,0.24995500000000023,-0.19971433333333335,-0.25996678333333345,0.06848133333333335,-0.06976063333333335,0.024721983333333336
1555,Dr. Zoidberg,Futurama,-0.0008888888888888934,0.20222222222222222,45,-0.2429633833333333,0.05392056666666665,0.22679358333333335,0.06678393333333331,-0.3072567166666664,0.10721981666666651
1556,Zapp Brannigan,Futurama,0.3254901960784313,-0.48235294117647054,51,-0.32778286666666673,0.5929740333333329,0.3516727499999999,0.3358495666666664,0.04836056666666669,-0.30089193333333314
1557,Kif Kroker,Futurama,0.09600000000000002,0.11599999999999999,25,-0.047102149999999954,-0.4510532833333332,-0.2207562999999998,0.20519566666666664,-0.39027264999999994,0.23076076666666676
1558,Mom,Futurama,0.2894736842105263,-0.5105263157894737,38,0.3725971666666665,0.796776766666667,-0.06928481666666667,0.2132426833333333,0.04110333333333336,0.06361563333333332
1612,Piper Chapman,Orange is the New Black,0.03,-0.17400000000000002,50,0.1093364999999999,0.17672498333333334,0.0425226,0.35867544999999984,-0.13800268333333343,0.036519866666666664
1613,Alex Vause,Orange is the New Black,0.11578947368421054,-0.24210526315789477,19,0.43092078333333367,0.3568748166666669,0.1156850166666666,-0.1391821333333333,0.0453973833333333,0.14475600000000008
1614,Sam Healy,Orange is the New Black,0.02400000000000001,0.036,25,-0.20096845000000005,0.20565158333333342,-0.4010192833333335,0.15465124999999985,-0.3863716000000003,-0.13511960000000015
1615,Red Reznikov,Orange is the New Black,-0.22105263157894733,-0.3657894736842106,38,0.6446233166666663,0.27327988333333336,-0.037484666666666645,-0.12510319999999991,-0.024886883333333342,-0.07588086666666673
1616,Crazy Eyes,Orange is the New Black,-0.1578947368421053,-0.3526315789473684,19,-0.08363273333333326,-0.01665811666666667,0.5198567833333335,0.025489150000000012,-0.3847218833333333,0.16225714999999996
1617,Taystee Jefferson,Orange is the New Black,-0.08636363636363636,0.013636363636363629,22,0.4567323333333337,-0.10010986666666662,0.33652618333333356,-0.08386720000000002,0.013572866666666676,-0.06290163333333339
1618,Nicky Nichols,Orange is the New Black,-0.10476190476190475,-0.26190476190476186,21,0.18322759999999996,0.26644146666666674,0.5047826666666667,-0.282478183333333,-0.10317459999999996,0.01216111666666666
1619,Pennsatucky Doggett,Orange is the New Black,0.10615384615384613,-0.10615384615384617,39,-0.14036996666666654,0.40761599999999926,0.23456501666666676,-0.04356084999999993,-0.38103620000000027,-0.06133618333333334
1620,Lorna Morello,Orange is the New Black,-0.24545454545454545,-0.3242424242424242,33,-0.14292136666666677,-0.026140000000000007,0.5266699999999999,0.3544336666666667,-0.21031360000000002,0.01855943333333338
1621,Flaca Gonzales,Orange is the New Black,0.05555555555555555,-0.01111111111111112,9,0.04018463333333335,0.2252389166666667,0.4362234000000001,0.09006639999999998,-0.014332266666666683,-0.017442566666666645
1622,Cedric Daniels,The Wire,0.07727272727272728,0.17272727272727273,22,0.7548924500000002,-0.056999416666666664,-0.3563787166666664,-0.024264683333333325,0.08266719999999995,-0.04268926666666668
1623,Jimmy McNulty,The Wire,-0.05681818181818183,-0.004545454545454556,44,0.2031214,0.49887108333333297,0.4521756999999999,-0.1597093833333335,-0.25266520000000015,-0.11147808333333324
1624,Kima Greggs,The Wire,0.07777777777777778,0.02962962962962963,27,0.6477085166666666,0.030021883333333308,0.030746216666666656,-0.20430856666666672,0.0021308833333333202,-0.08087011666666656
1625,Lester Freamon,The Wire,0.48176470588235304,0.3282352941176471,34,0.7122551833333329,-0.33885176666666655,-0.04593121666666664,-0.16559825000000003,0.10741358333333333,0.14346506666666667
1626,Bunk Moreland,The Wire,0.31,0.255,20,0.32071988333333323,-0.016595016666666674,0.10318271666666663,-0.10344504999999998,-0.00894623333333333,-0.21665711666666673
1627,Herc Hauk,The Wire,0.06666666666666665,-0.3787878787878788,33,-0.20657123333333335,0.3763427833333335,0.22252388333333306,-0.04175590000000006,-0.2574975,-0.45738838333333326
1628,Ellis Carver,The Wire,0.3142857142857142,0.17142857142857146,14,0.1892227,-0.02526181666666667,0.16657901666666663,0.04328901666666665,-0.0744691666666666,-0.2635193833333332
1629,Bubbles Cousins,The Wire,-0.05555555555555555,0.011111111111111103,18,-0.0036451333333333198,-0.22855118333333327,0.460912966666667,-0.1503678666666665,-0.3009144500000002,0.13176025000000005
1630,William Rawls,The Wire,0.3175,-0.29000000000000004,40,0.22798088333333352,0.5612550166666667,-0.3452857499999998,0.037848283333333343,-0.10558155000000001,-0.2561940666666666
1631,Roland Pryzbylewski,The Wire,0.2857142857142856,0.22000000000000003,35,0.022439100000000007,-0.31211674999999983,-0.09665386666666669,0.13238043333333321,-0.3306823166666666,0.10557440000000001
1632,Rhonda Pearlman,The Wire,0.23333333333333334,-0.05555555555555558,9,0.5285815666666667,-0.008683050000000006,-0.03353953333333331,0.17625854999999999,0.07919185000000002,-0.11418565000000001
1633,Omar Little,The Wire,0.007407407407407408,-0.27037037037037037,27,0.6456194166666671,0.21836809999999976,0.3304274999999997,-0.2758779500000002,0.06919028333333337,0.15046070000000009
1634,Ervin Burrell,The Wire,0.28518518518518515,-0.3185185185185184,27,0.19565170000000023,0.2665225833333333,-0.31753225,0.15887584999999985,-0.04350669999999999,-0.25706818333333353
1635,Bodie Broadus,The Wire,-0.1324324324324324,-0.4540540540540541,37,0.18194134999999992,0.23710836666666682,0.21857001666666676,-0.13264766666666666,-0.1268230499999999,-0.23502815
1636,Stringer Bell,The Wire,0.059565217391304354,-0.3673913043478261,46,0.7481305666666663,0.2894222333333332,-0.16845869999999993,-0.0012547833333333292,0.24622046666666664,0.1083239333333333
1637,Tommy Carcetti,The Wire,0.2578947368421053,-0.16842105263157894,19,0.3118457333333336,0.41785343333333347,0.07907735000000002,0.31851448333333326,0.13673299999999997,0.030400133333333332
1638,Avon Barksdale,The Wire,0.2756756756756757,-0.18594594594594593,37,0.48158325000000063,0.48082024999999956,0.10500184999999988,-0.08823078333333344,0.036458683333333346,-0.0947989000000002
1639,Chris Partlow,The Wire,0.15588235294117647,-0.2735294117647059,34,0.3136118666666669,0.23713490000000012,-0.1958047833333332,-0.3517999999999999,-0.18497023333333332,-0.03766263333333336
1640,Norman Wilson,The Wire,0.2,0.21818181818181817,11,0.515680116666667,-0.1125660166666666,-0.15943456666666664,-0.03445256666666667,0.06631571666666668,-0.012552199999999987
1641,Michael Lee,The Wire,0.24827586206896549,-0.0310344827586207,29,0.3689921666666669,0.032943700000000006,0.0597655333333334,-0.20859754999999988,-0.1349791499999999,-0.047106566666666655
1642,Maurice Levy,The Wire,0.6648275862068966,-0.6931034482758621,29,0.1813251333333333,0.41269404999999987,-0.28123791666666653,0.18627675,0.007778350000000001,0.04239971666666662
1643,Beadie Russell,The Wire,0.2666666666666667,0.25555555555555554,9,0.29331643333333324,-0.4687470666666669,-0.007992616666666674,-0.05050009999999999,-0.17356335,-0.12290158333333336
1644,Cutty Wise,The Wire,0.4391304347826086,0.3130434782608696,23,0.4922820666666672,-0.26475786666666645,0.032673066666666674,-0.27467406666666655,-0.10800895000000006,-0.23020704999999994
1645,D'Angelo Barksdale,The Wire,0.01999999999999999,-0.084,25,0.12594578333333337,-0.15717846666666668,0.08258001666666663,0.049800600000000035,-0.17234909999999995,0.008913566666666688
1646,Clay Davis,The Wire,0.4882352941176471,-0.526470588235294,34,0.03401778333333335,0.49870844999999964,0.20507229999999996,0.22978593333333333,0.11468446666666655,-0.14924258333333335
1647,Clarence Royce,The Wire,0.23846153846153847,-0.19230769230769226,13,0.10125774999999997,0.3879749000000002,-0.10331575000000004,0.2598338500000003,0.033587783333333336,-0.1295818833333334
1648,Spiros Vondopoulos,The Wire,0.4448275862068965,-0.2862068965517241,29,0.401224433333333,0.3857503333333334,-0.21197248333333332,-0.18733976666666674,0.04541268333333335,-0.04607468333333337
1649,Frank Sobotka,The Wire,-0.25,-0.15636363636363637,22,0.1936960833333334,0.25162011666666667,-0.16972291666666653,-0.1808617833333334,-0.38069859999999983,-0.27870658333333315
1650,Ziggy Sobotka,The Wire,-0.503125,-0.4625,32,-0.48041778333333324,0.5199402500000002,0.440368483333333,0.11983204999999997,-0.3815690500000002,0.0327783
1651,Nick Sobotka,The Wire,-0.14444444444444446,-0.2222222222222222,18,-0.011532883333333363,0.2556618333333333,0.06236936666666663,-0.07154118333333331,-0.3151117666666668,-0.2746174166666663
1685,Michael Scott,The Office,-0.048684210526315795,-0.09078947368421054,76,-0.24336299999999997,0.09105096666666673,0.6572206333333331,0.28659540000000006,-0.17583361666666672,-0.09767975000000007
1686,Dwight Schrute,The Office,0.0576923076923077,-0.11923076923076925,52,0.46371146666666635,0.45319878333333347,-0.19150833333333347,-0.018511766666666662,-0.26492359999999987,-0.031079150000000017
1687,Jim Halpert,The Office,0.25500000000000006,0.13499999999999995,60,0.2688842499999999,-0.26360295000000006,0.3009487500000001,-0.02321566666666668,0.08372994999999996,-0.08755648333333334
1688,Pam Beesly,The Office,0.22829268292682925,0.1317073170731707,41,0.21531670000000003,-0.6207274000000002,0.11753463333333337,0.15825391666666663,-0.06355033333333336,-0.02401280000000001
1689,Ryan Howard,The Office,-0.2571428571428572,-0.5035714285714286,28,-0.07939999999999997,0.5470279333333333,0.023748550000000094,0.25101943333333315,-0.01770938333333334,0.06082258333333332
1690,Andy Bernard,The Office,-0.1309090909090909,-0.2,44,-0.16718686666666668,0.05024551666666672,0.29425666666666656,0.5032643,-0.20587248333333327,-0.055666083333333304
1691,Jan Levinson,The Office,-0.2307692307692308,-0.43461538461538457,26,0.31984591666666673,0.6437408666666665,-0.1265082666666667,0.22930046666666656,-0.0034731999999999823,-0.04274293333333332
1692,Stanley Hudson,The Office,0.2405405405405406,-0.0891891891891892,37,0.1885766333333333,0.13149681666666668,-0.3940691500000005,-0.1357917833333334,-0.034873533333333324,-0.20948558333333364
1693,Kevin Malone,The Office,-0.008000000000000002,-0.036000000000000004,25,-0.4842066166666665,-0.19042436666666654,0.28293165000000003,-0.035128716666666684,-0.28482126666666674,-0.14303523333333332
1694,Meredith Palmer,The Office,-0.1941176470588235,-0.017647058823529432,17,-0.2818190333333334,0.4697730833333333,0.3430269500000002,-0.2154290833333334,-0.22999928333333322,-0.11492349999999996
1695,Angela Martin,The Office,0.22571428571428573,-0.09714285714285718,35,0.38868483333333265,0.32971510000000004,-0.6048025833333336,0.2887445833333338,-0.15510633333333324,-0.06379258333333328
1696,Phyllis Lapin,The Office,0.3536363636363636,-0.1681818181818182,22,-0.03979059999999997,-0.36044673333333327,-0.0100819,0.16188558333333317,-0.12390583333333333,-0.08847679999999998
1697,Kelly Kapoor,The Office,0.13999999999999999,-0.07999999999999999,15,-0.13258258333333336,0.3340611166666669,0.5583675333333337,0.45229248333333344,0.0036329833333333308,-0.08360173333333336
1698,Erin Hannon,The Office,0.021212121212121217,-0.13333333333333333,33,-0.18209493333333338,-0.5164102833333334,0.4123462000000002,0.26990934999999994,-0.2271630499999998,-0.0693358333333333
1699,Robert California,The Office,0.011111111111111115,-0.30000000000000004,27,0.10733164999999993,0.6491555333333331,0.12385294999999998,0.07601791666666667,0.13646326666666672,0.09358718333333331
1732,Billy Butcher,The Boys,-0.321875,-0.35624999999999996,64,0.4079736666666667,0.6928014500000003,0.18356123333333316,-0.33087651666666645,-0.27265791666666656,-0.09469183333333332
1733,Hughie Campbell,The Boys,0.15384615384615385,0.10307692307692308,65,0.04552723333333334,-0.4534087333333328,0.03801783333333334,0.15970815000000005,-0.41096605,0.08502798333333329
1734,Homelander,The Boys,0.08888888888888888,-0.7333333333333333,63,0.13537543333333338,0.835896683333334,0.008817383333333326,0.2648983833333335,-0.08251359999999998,-0.13190738333333332
1735,Annie January,The Boys,0.1375,0.0625,40,0.38561235,-0.48296061666666623,0.18071415000000013,0.19741866666666663,-0.023083366666666688,-0.05109703333333334
1736,Queen Maeve,The Boys,0.16041666666666668,0.22916666666666666,48,0.4291216500000002,0.027811216666666683,-0.06753579999999999,-0.048842416666666645,-0.03572725000000004,-0.011090516666666656
1737,A-Train,The Boys,-0.07818181818181821,-0.24000000000000002,55,-0.19406908333333336,0.5899781000000002,0.2031809333333334,0.2484888333333332,-0.1220542166666666,-0.18667133333333338
1738,Mother's Milk,The Boys,0.19999999999999998,0.22608695652173913,46,0.5512077999999999,-0.23099768333333345,0.003676916666666657,-0.13372718333333336,-0.06777333333333331,-0.13771098333333323
1739,The Deep,The Boys,0.0430379746835443,-0.47974683544303787,79,-0.47554501666666654,0.41682895,0.18547860000000013,0.25264968333333343,-0.2452894999999999,-0.08884588333333333
1740,Frenchie,The Boys,0.22454545454545452,-0.11136363636363635,44,0.26686004999999996,0.033425016666666696,0.4670033666666665,-0.1476682833333334,-0.1357222833333335,0.13616251666666654
1741,Kimiko Miyashiro,The Boys,0.31136363636363634,0.009090909090909078,44,0.3387505999999995,0.20136529999999966,0.12605115000000003,-0.3897612833333331,-0.29972965,0.11711881666666667
1742,Black Noir,The Boys,-0.033191489361702124,-0.38085106382978723,47,0.30263348333333356,0.23970879999999992,-0.36037971666666685,-0.2317410333333331,-0.05629026666666665,0.08740995000000011
1743,Ashley Barrett,The Boys,0.13569230769230767,-0.20307692307692307,65,0.009452966666666682,0.22069116666666674,-0.3864796666666667,0.3706935833333336,-0.31105143333333324,-0.001892616666666674
1744,Madelyn Stillwell,The Boys,-0.51875,-0.775,16,0.41274748333333355,0.46474385000000046,-0.2006413,0.2591597166666669,0.1683909833333335,-0.024147816666666638
1745,Becca Butcher,The Boys,-0.19230769230769226,0.5307692307692308,13,0.25332528333333315,-0.307162883333333,-0.1390964500000002,0.0694610666666667,-0.22564780000000026,-0.0363896333333333
1746,Stormfront,The Boys,0.291340206185567,-0.6010309278350515,97,0.26209030000000005,0.8078204500000004,-0.006553716666666687,0.10721039999999997,0.017498250000000003,-0.04837760000000008
1847,John Dutton,Yellowstone,-0.019565217391304353,-0.3391304347826088,46,0.6903049666666669,0.21569518333333326,-0.17584673333333345,-0.21872001666666654,-0.004829716666666674,-0.27464275000000005
1848,Kayce Dutton,Yellowstone,0.18095238095238098,0.06190476190476191,21,0.4223010833333334,-0.03374683333333333,0.13294523333333336,-0.31335044999999967,-0.2258760666666666,-0.22943111666666668
1849,Beth Dutton,Yellowstone,-0.49090909090909096,-0.6659090909090909,44,0.5280345999999998,0.6156690166666666,0.2348308499999998,-0.024704916666666688,-0.04009189999999998,0.038412899999999965
1850,Jamie Dutton,Yellowstone,0.16,-0.11199999999999999,25,-0.08532540000000004,0.39083613333333345,-0.3077210833333335,0.38888323333333297,-0.2759627833333332,0.15787625
1851,Rip Wheeler,Yellowstone,0.15951219512195122,0.175609756097561,41,0.5855858500000004,0.1213530333333334,-0.09007728333333347,-0.4224710666666666,-0.1807270000000001,-0.2793482500000002
1852,Monica Dutton,Yellowstone,-0.037499999999999985,0.075,8,0.4689516000000003,-0.25795748333333346,0.0082533,-0.029182800000000012,-0.14439616666666658,0.00023049999999999625
1853,Jimmy Hurdstrom,Yellowstone,0.3035294117647058,0.19294117647058825,17,-0.21389803333333343,-0.24379975000000012,0.23038871666666652,-0.07638926666666661,-0.37070568333333337,-0.11196505000000008
1854,Thomas Rainwater,Yellowstone,0.345,0.20625,16,0.46692961666666616,0.25857086666666707,-0.14752541666666671,0.11702824999999985,0.08978618333333331,0.000782749999999998
1855,Lloyd,Yellowstone,-0.11076923076923076,-0.007692307692307699,13,0.36723809999999996,-0.15477538333333332,-0.029875600000000016,-0.34666098333333323,-0.11148886666666673,-0.2923271
1856,Colby,Yellowstone,0.27142857142857146,0.2714285714285714,7,0.16772520000000013,-0.24458943333333336,0.09058694999999994,-0.1412574833333334,-0.05154123333333332,-0.18421605
1857,Jon Snow,Game of Thrones,-0.007999999999999993,0.274,50,0.42269295000000023,-0.22432114999999989,0.011423433333333358,-0.2109075833333334,-0.22463600000000009,-0.10705995000000007
1858,Tyrion Lannister,Game of Thrones,0.027659574468085115,0.08510638297872343,47,0.4958253666666665,0.09955578333333338,0.28541561666666687,-0.033984383333333326,0.09208741666666669,0.16431488333333344
1859,Daenerys Targaryen,Game of Thrones,0.16693333333333332,0.053066666666666665,75,0.5334873833333337,0.2764128166666667,0.3284403999999999,0.07208724999999999,0.09431606666666671,0.04069908333333334
1860,Sansa Stark,Game of Thrones,0.30795180722891563,0.20963855421686745,83,0.4332479499999999,-0.022752616666666673,-0.13677251666666654,0.17534316666666627,-0.013905116666666661,0.018216533333333333
1861,Arya Stark,Game of Thrones,0.28730158730158734,0.10793650793650793,63,0.5704973000000001,0.31925764999999984,0.3042493,-0.3448049833333331,-0.08472171666666668,0.08314245000000008
1862,Jaime Lannister,Game of Thrones,-0.0559322033898305,-0.010169491525423732,59,0.2522826666666666,0.22615063333333327,0.19399108333333345,0.1083193833333332,-0.013111483333333333,-0.16748301666666668
1863,Samwell Tarly,Game of Thrones,0.3242424242424243,0.4606060606060605,33,0.10802916666666662,-0.6994140666666667,0.030706050000000016,0.07335744999999999,-0.2736529666666668,0.1420676333333333
1864,Jorah Mormont,Game of Thrones,-0.028260869565217398,0.09782608695652174,46,0.3922336666666671,-0.2596898166666665,-0.1199921,-0.1053112,-0.2141698499999999,-0.14031311666666665
1865,Theon Greyjoy,Game of Thrones,-0.25272727272727274,-0.06,55,-0.26993009999999995,0.2632935166666665,-0.013444366666666659,0.06764791666666665,-0.43061741666666675,0.002977549999999997
1866,Petyr Baelish,Game of Thrones,0.07863636363636363,-0.5818181818181819,44,0.2325777666666664,0.6080353500000001,-0.03966506666666666,0.24548411666666645,0.0824732333333333,0.3017014666666666
1867,Davos Seaworth,Game of Thrones,0.222,0.332,50,0.42959293333333387,-0.33966561666666656,-0.11424985000000008,-0.22484293333333338,-0.19014508333333335,-0.09727780000000008
1868,Eddard Stark,Game of Thrones,-0.17045454545454544,0.12954545454545455,44,0.5233133666666664,-0.38439820000000013,-0.16390953333333347,-0.16125043333333336,-0.09625701666666665,-0.27176259999999997
1869,Brandon Stark,Game of Thrones,-0.0048780487804878135,0.07804878048780486,41,0.2646925666666666,-0.0976536000000001,-0.2603361166666666,-0.07613281666666663,-0.11820296666666662,0.34190221666666676
1870,Brienne of Tarth,Game of Thrones,0.23181818181818184,0.11136363636363637,44,0.6438566833333333,-0.2251185500000001,-0.12543256666666666,-0.2711172333333333,-0.15582374999999996,-0.12848079999999984
1871,Sandor Clegane,Game of Thrones,0.12195121951219512,0.10609756097560975,82,0.24731674999999995,0.4165744166666667,-0.1164408666666667,-0.4822095499999999,-0.3632104666666664,-0.10899193333333347
1872,Varys,Game of Thrones,0.13125,-0.17083333333333336,48,0.4193698166666667,0.13687988333333329,-0.17609901666666672,0.07474783333333333,0.06025556666666671,0.33196914999999977
1873,Catelyn Stark,Game of Thrones,-0.28055555555555556,-0.2750000000000001,36,0.45978250000000026,-0.18982266666666667,-0.17083293333333335,0.07911070000000005,-0.1104071,-0.13291669999999997
1874,Tywin Lannister,Game of Thrones,-0.07551020408163266,-0.45918367346938777,49,0.5684467833333333,0.5858740833333334,-0.40866875000000014,0.07491556666666666,0.10104113333333326,-0.09573523333333328
1875,Margaery Tyrell,Game of Thrones,0.05510204081632653,-0.059183673469387764,49,0.4576372166666672,0.05001698333333331,0.24708470000000002,0.18907201666666681,0.3039781,0.062292766666666645
1876,Robb Stark,Game of Thrones,0.011111111111111108,-0.15555555555555556,36,0.38598730000000026,-0.18209321666666645,0.11971503333333344,0.04190926666666666,-0.03989636666666662,-0.26815561666666643
1877,Bronn,Game of Thrones,0.26197183098591553,-0.05070422535211268,71,0.1479160000000001,0.40334588333333316,0.2582280666666667,-0.2920092666666669,-0.011293583333333366,-0.18387441666666662
1878,Stannis Baratheon,Game of Thrones,0.018644067796610167,0.008474576271186434,59,0.13980203333333338,0.4694119666666668,-0.37794753333333314,0.0629903000000001,-0.23981900000000003,-0.11976216666666667
1879,Joffrey Baratheon,Game of Thrones,-0.16599999999999998,-0.588,50,-0.2857715333333329,0.8847484999999998,0.01600576666666665,0.32035951666666657,-0.2129202166666668,-0.08270399999999997
1880,Melisandre,Game of Thrones,0.06363636363636364,-0.1,33,0.3605638666666668,0.4833685333333339,0.10310435000000001,0.04287693333333332,0.10016019999999991,0.24561978333333312
1881,Olenna Tyrell,Game of Thrones,0.14722222222222225,-0.027777777777777776,36,0.6605884333333335,0.23045814999999994,0.05914968333333335,-0.0030882499999999972,0.2702142333333335,0.06788349999999999
1882,Ygritte,Game of Thrones,0.03333333333333333,-0.07037037037037039,27,0.37521433333333326,0.26771566666666674,0.4002077166666671,-0.3495847333333331,-0.14092215000000022,-0.13786415
1883,Cersei Lannister,Game of Thrones,-0.3338028169014085,-0.5647887323943662,71,0.4374273166666662,0.7901783666666663,-0.004895366666666648,0.21654549999999992,0.07165921666666668,0.08455015000000003
1884,Shae,Game of Thrones,-0.07727272727272726,-0.18636363636363634,22,0.02353630000000002,0.19474251666666667,0.30159154999999993,0.07329076666666667,-0.06339163333333335,0.022682733333333316
1885,Oberyn Martell,Game of Thrones,-0.03499999999999999,-0.04500000000000002,40,0.2864229,0.17461066666666633,0.5897145999999996,0.04816565,0.18828658333333345,-0.006123533333333367
1886,Asha Greyjoy,Game of Thrones,0.19833333333333336,0.09055555555555556,36,0.41840796666666624,0.3393687499999998,0.10900788333333333,-0.30869433333333346,-0.08496378333333325,-0.13349806666666655
1966,Frodo Baggins,Lord of the Rings,0.005555555555555545,0.3277777777777777,36,0.18981219999999996,-0.3638956333333339,0.08020373333333336,0.07944410000000002,-0.25004213333333325,0.08203691666666671
1967,Aragorn,Lord of the Rings,0.4333333333333334,0.5825641025641026,39,0.660522283333333,-0.19781898333333328,0.0946715333333333,-0.31451070000000003,0.006793016666666665,-0.11037435000000001
1968,Boromir,Lord of the Rings,-0.0409090909090909,0.2545454545454545,44,0.3197738166666668,0.28862206666666673,0.007267833333333323,0.05051621666666664,-0.14674371666666666,-0.29676703333333326
1969,Merry Brandybuck,Lord of the Rings,0.40642857142857153,0.5885714285714286,28,-0.10866623333333338,-0.27474695000000016,0.5880771833333335,0.04873506666666668,-0.09209913333333326,-0.14894720000000006
1970,Samwise Gamgee,Lord of the Rings,0.5980000000000001,0.6733333333333336,30,0.2393928333333334,-0.6700425166666669,0.054540183333333325,-0.027002966666666683,-0.19810174999999994,-0.20755793333333325
1971,Gandalf,Lord of the Rings,0.33142857142857135,0.6085714285714285,35,0.6488998000000002,-0.1767463166666667,0.12429076666666655,-0.18832183333333344,0.12662088333333335,0.15790994999999994
1972,Gimli,Lord of the Rings,0.25789473684210523,0.32105263157894737,38,0.2527123666666668,0.17726978333333346,0.15216914999999978,-0.24860416666666674,-0.2213016333333333,-0.3484419833333332
1973,Legolas,Lord of the Rings,0.3111111111111111,0.3055555555555556,36,0.6306343499999996,-0.2330197500000001,0.003026700000000014,0.002934866666666683,0.18334149999999996,0.03157975
1974,Pippin Took,Lord of the Rings,0.35909090909090907,0.4272727272727273,22,-0.13387863333333327,-0.2295414000000002,0.5406860999999998,0.06341601666666664,-0.17267319999999994,-0.09668538333333337
1975,Gollum,Lord of the Rings,-0.29999999999999993,-0.2743589743589744,39,-0.20442096666666665,0.6742288166666658,0.06693210000000006,-0.03422883333333331,-0.5480892499999999,0.19194563333333323
